{"count":1,"self":5.6122087999999994,"total":6.435632,"children":{"InitializeActuators":{"count":2,"self":0.0018789999999999998,"total":0.0018789999999999998,"children":null},"InitializeSensors":{"count":2,"self":0.001255,"total":0.001255,"children":null},"AgentSendState":{"count":261,"self":0.0075559999999999993,"total":0.048746,"children":{"CollectObservations":{"count":275,"self":0.006232,"total":0.006232,"children":null},"WriteActionMask":{"count":275,"self":0.001568,"total":0.001568,"children":null},"RequestDecision":{"count":275,"self":0.010258999999999999,"total":0.033389999999999996,"children":{"AgentInfo.ToProto":{"count":275,"self":0.005385,"total":0.023131,"children":{"GenerateSensorData":{"count":275,"self":0.017745999999999998,"total":0.017745999999999998,"children":null}}}}}}},"DecideAction":{"count":261,"self":0.76423999999999992,"total":0.76423999999999992,"children":null},"AgentAct":{"count":261,"self":0.004658,"total":0.004658,"children":null}},"gauges":{},"metadata":{"timer_format_version":"0.1.0","start_time_seconds":"1646397338","unity_version":"2021.2.11f1","command_line_arguments":"\/home\/iwijn\/selab3\/SEL3-SimEnv\/sel3_morphevo_tutorial\/src\/environment\/unity_environment\/simenv.x86_64 --mlagents-port 5005","communication_protocol_version":"1.5.0","com.unity.ml-agents_version":"2.2.1-exp.1","scene_name":"Tutorial","end_time_seconds":"1646397345"}}